City_ID,City,Lat,Lng,Max Temp,Humidity,Cloudiness,Wind Speed,Country,Date
0,arhribs,36.7936,4.3116,11.71,96,100,2.58,DZ,1708136087
1,ancud,-41.8697,-73.8203,12.31,85,0,2.55,CL,1708136087
2,walvis bay,-22.9575,14.5053,13.53,94,7,2.06,NA,1708136087
3,puerto varas,-41.3195,-72.9854,12.81,92,99,2.58,CL,1708136087
4,acapulco de juarez,16.8634,-99.8901,27.9,78,100,5.14,MX,1708135816
5,adamstown,-25.066,-130.1015,25.06,76,100,3.37,PN,1708136087
6,port-aux-francais,-49.35,70.2167,4.57,76,96,16.12,TF,1708136087
7,palikir - national government center,6.9248,158.1611,30.47,74,75,5.14,FM,1708136087
8,dauphin,51.1494,-100.0502,-7.92,73,0,8.75,CA,1708136087
9,gamba,-2.65,10.0,25.69,87,100,1.45,GA,1708136087
10,mandan,46.8267,-100.8896,-8.01,66,20,6.69,US,1708136087
11,constantia,44.1833,28.65,1.5,79,86,4.83,RO,1708136087
12,belzyce,51.1741,22.2803,2.21,70,80,4.59,PL,1708136087
13,edinburgh of the seven seas,-37.0676,-12.3116,17.85,75,92,9.05,SH,1708136087
14,tiksi,71.6872,128.8694,-36.18,100,100,0.56,RU,1708136088
15,iqaluit,63.7506,-68.5145,-29.15,57,0,1.54,CA,1708136088
16,turbat,26.0023,63.044,19.13,45,54,0.45,PK,1708136088
17,sabha,27.0377,14.4283,13.08,34,0,3.3,LY,1708136088
18,grytviken,-54.2811,-36.5092,3.01,91,30,4.51,GS,1708136088
19,san jose del cabo,23.0589,-109.6977,22.08,71,20,2.57,MX,1708135929
20,thompson,55.7435,-97.8558,-12.91,85,75,2.57,CA,1708136088
21,tulun,54.5611,100.5792,-23.71,87,100,5.18,RU,1708136088
22,vernon,50.2581,-119.2691,-2.65,68,8,1.03,CA,1708136088
23,ushuaia,-54.8,-68.3,14.81,63,0,4.12,AR,1708136088
24,sisimiut,66.9395,-53.6735,-12.13,84,100,3.68,GL,1708136088
25,nantucket,41.2835,-70.0995,1.08,55,0,4.12,US,1708136088
26,zhanaozen,43.3,52.8,-5.52,56,100,10.3,KZ,1708136089
27,tazovsky,67.4667,78.7,-33.39,100,34,1.84,RU,1708136089
28,port lincoln,-34.7333,135.8667,23.08,54,100,3.85,AU,1708136089
29,waitangi,-43.9535,-176.5597,15.6,73,7,2.27,NZ,1708136022
30,blackmans bay,-43.0167,147.3167,24.74,54,26,0.45,AU,1708136089
31,weno,7.4515,151.8468,29.97,74,75,4.63,FM,1708136089
32,ust-nera,64.5667,143.2,-36.23,95,66,0.18,RU,1708136089
33,puerto aysen,-45.4,-72.7,10.71,98,56,2.47,CL,1708135803
34,atafu village,-8.5421,-172.5159,28.46,78,80,6.53,TK,1708136045
35,hermanus,-34.4187,19.2345,12.67,69,98,1.26,ZA,1708136089
36,yellowknife,62.456,-114.3525,-6.99,80,20,6.71,CA,1708136089
37,papatowai,-46.5619,169.4708,17.88,60,83,1.54,NZ,1708136089
38,albany,42.6001,-73.9662,-1.85,65,99,1.88,US,1708135974
39,lompoc,34.6391,-120.4579,14.45,87,40,2.57,US,1708136031
40,dadukou,26.5479,101.7054,13.93,39,0,0.72,CN,1708136090
41,at taj,24.2049,23.2857,9.17,55,0,2.68,LY,1708136090
42,ribeira grande,38.5167,-28.7,17.65,93,100,9.39,PT,1708136090
43,st. john's,47.5649,-52.7093,-1.79,95,26,0.45,CA,1708136042
44,sao joao da barra,-21.6403,-41.0511,24.0,89,31,1.89,BR,1708136090
45,lazaro cardenas,17.9583,-102.2,25.56,70,100,4.35,MX,1708136090
46,port-vila,-17.7338,168.3219,28.78,84,75,7.72,VU,1708136022
47,theunissen,-28.411,26.7011,10.08,29,1,2.69,ZA,1708136090
48,gapyeong,37.831,127.5106,2.36,54,4,1.3,KR,1708136090
49,saipan,15.1355,145.701,29.39,74,20,7.2,MP,1708136032
50,kruisfontein,-34.0033,24.7314,16.05,80,2,7.68,ZA,1708136090
51,newman,37.3138,-121.0208,14.6,83,100,0.89,US,1708136090
52,camayenne,9.535,-13.6878,27.05,89,40,2.06,GN,1708136090
53,zemio,5.0314,25.1361,25.57,62,100,2.01,CF,1708136090
54,ouallam,14.3188,2.0866,21.34,12,74,3.95,NE,1708136091
55,abu jibeha,11.4562,31.2285,21.33,17,48,4.55,SD,1708136091
56,nassau,40.7507,-73.5829,3.82,60,20,0.0,US,1708136091
57,aasiaat,68.7098,-52.8699,-14.96,92,100,1.7,GL,1708136091
58,aral,40.5156,81.2636,0.1,32,100,4.94,CN,1708136091
59,anadyr,64.75,177.4833,-17.72,85,75,3.0,RU,1708136091
60,puerto ayora,-0.7393,-90.3518,28.08,93,28,0.89,EC,1708136091
61,rio grande,-32.035,-52.0986,22.19,80,91,7.65,BR,1708135839
62,le morne-rouge,14.7667,-61.1333,22.76,77,21,5.24,MQ,1708136091
63,talnakh,69.4865,88.3972,-34.21,87,33,1.85,RU,1708136091
64,pinarbasi,38.7229,36.3931,2.38,84,87,1.34,TR,1708136091
65,centerton,36.3598,-94.2852,0.52,80,100,10.29,US,1708136091
66,puerto natales,-51.7236,-72.4875,11.14,97,100,2.45,CL,1708136025
67,placido de castro,-10.3353,-67.1856,24.63,94,19,1.32,BR,1708136045
68,kolwezi,-10.7148,25.4667,17.18,95,100,1.95,CD,1708136092
69,invercargill,-46.4,168.35,17.64,62,96,3.04,NZ,1708136092
70,jamestown,42.097,-79.2353,-3.23,88,100,0.89,US,1708136092
71,port alfred,-33.5906,26.891,15.66,75,1,0.89,ZA,1708136092
72,taoudenni,22.6783,-3.9836,22.82,12,0,3.69,ML,1708136092
73,grand falls-windsor,48.9332,-55.6649,-6.39,86,22,0.45,CA,1708136092
74,kavaratti,10.5669,72.642,28.12,69,100,4.03,IN,1708136045
75,kapuskasing,49.4169,-82.4331,-20.0,77,100,3.09,CA,1708136092
76,murghob,38.1702,73.9667,-8.84,80,100,3.87,TJ,1708136092
77,alness,57.696,-4.2551,4.8,96,78,0.56,GB,1708136092
78,uturoa,-16.7333,-151.4333,28.1,77,99,7.77,PF,1708136092
79,wailua homesteads,22.0669,-159.378,23.24,62,40,7.72,US,1708136092
80,udachny,66.4167,112.4,-41.42,57,84,1.99,RU,1708136093
81,whitehorse,60.7161,-135.0538,-8.83,93,8,2.15,CA,1708135948
82,bilibino,68.0546,166.4372,-27.78,89,89,1.33,RU,1708136093
83,port elizabeth,-33.918,25.5701,17.4,74,0,8.23,ZA,1708136093
84,bredasdorp,-34.5322,20.0403,14.98,74,58,2.61,ZA,1708136093
85,fale old settlement,-9.3852,-171.2468,28.68,80,96,7.71,TK,1708136093
86,petropavlovsk-kamchatsky,53.0452,158.6483,-9.01,67,0,7.6,RU,1708136093
87,broome,42.2506,-75.833,-0.72,73,75,0.0,US,1708136093
88,ar ruways,24.1103,52.7306,23.64,53,42,4.94,AE,1708136093
89,cooma,-36.2333,149.1333,30.8,27,13,0.66,AU,1708136093
90,la libertad,-2.2333,-80.9,26.19,87,39,2.57,EC,1708136093
91,quellon,-43.1167,-73.6167,11.1,91,4,1.8,CL,1708136093
92,kayenta,36.7278,-110.2546,6.17,46,8,1.97,US,1708136094
93,cabo san lucas,22.8909,-109.9124,22.09,57,0,5.14,MX,1708135811
94,rongelap,11.1635,166.8941,26.22,82,53,10.81,MH,1708136094
95,korla,41.7597,86.1469,-3.41,15,83,11.19,CN,1708136094
96,fort bragg,35.139,-79.006,12.68,71,0,0.45,US,1708136094
97,praia,14.9215,-23.5087,23.3,73,40,8.23,CV,1708136094
98,lethem,3.3803,-59.7968,27.51,59,91,4.43,GY,1708136094
99,margaret river,-33.95,115.0667,22.87,60,100,4.66,AU,1708136094
100,vorgashor,67.5833,63.95,-28.91,98,82,3.13,RU,1708136094
101,puerto lempira,15.2667,-83.7667,24.55,86,4,3.18,HN,1708136094
102,kamianka,49.0318,32.104,0.01,81,24,2.2,UA,1708136094
103,nabire,-3.3667,135.4833,30.89,59,50,2.1,ID,1708136094
104,zouerate,22.7187,-12.4521,22.79,23,9,3.61,MR,1708136094
105,dudinka,69.4058,86.1778,-37.4,98,33,1.79,RU,1708136095
106,santa elena de uairen,4.6167,-61.1333,21.18,65,46,1.56,VE,1708136095
107,jose pedro varela,-33.45,-54.5333,18.38,92,87,3.52,UY,1708136095
108,plesetsk,62.708,40.2916,-13.34,91,100,4.98,RU,1708136095
109,nowa ruda,50.5801,16.5016,8.25,92,100,2.82,PL,1708136095
110,college,64.8569,-147.8028,-4.82,58,0,2.57,US,1708136020
111,isafjordur,66.0755,-23.124,-1.7,73,100,2.71,IS,1708136095
112,gadzhiyevo,69.2551,33.3362,-8.05,91,100,6.73,RU,1708136095
113,east london,-33.0153,27.9116,18.61,54,0,4.54,ZA,1708136095
114,enewetak,11.3474,162.3373,26.5,81,40,10.53,MH,1708136095
115,al kharj,24.155,47.3346,20.32,58,31,3.24,SA,1708135936
116,swellendam,-34.0226,20.4417,14.14,73,83,1.45,ZA,1708136095
117,vianopolis,-16.7419,-48.5164,19.92,86,98,0.94,BR,1708136095
118,arraial do cabo,-22.9661,-42.0278,24.79,83,49,8.5,BR,1708136095
119,onguday,50.75,86.15,-25.99,98,100,0.26,RU,1708136096
120,geraldton,-28.7667,114.6,30.23,45,3,5.66,AU,1708135809
121,cockburn town,21.4612,-71.1419,25.08,79,78,9.01,TC,1708136096
122,cuamba,-14.8031,36.5372,21.03,97,14,0.8,MZ,1708136096
123,lillehammer,61.1146,10.4674,-6.53,89,11,3.07,NO,1708136096
124,iskateley,67.6803,53.1512,-21.66,88,15,4.02,RU,1708136023
125,dunedin,-45.8742,170.5036,16.9,68,60,4.72,NZ,1708136096
126,paradsasvar,47.9126,19.9771,3.78,79,1,0.2,HU,1708136096
127,tura,25.5198,90.2201,19.13,47,0,0.67,IN,1708136096
128,ust'-kulom,61.6864,53.6902,-21.04,99,98,1.93,RU,1708136096
129,jinxiang,27.4327,120.6062,11.64,78,100,0.92,CN,1708136096
130,eastham,41.8301,-69.9739,1.17,60,0,2.68,US,1708136096
131,kourou,5.1552,-52.6478,27.03,87,85,3.8,GF,1708136096
132,nanto-shi,36.5692,136.9116,9.72,65,4,2.24,JP,1708136096
133,nikolayevsk-on-amure,53.1406,140.73,-13.67,69,40,1.63,RU,1708136097
134,pacific grove,36.6177,-121.9166,14.65,84,0,0.89,US,1708136097
135,vegreville,53.5001,-112.0518,-7.61,57,13,3.6,CA,1708136097
136,new norfolk,-42.7826,147.0587,25.4,36,3,2.5,AU,1708136097
137,vadso,70.0744,29.7487,-2.91,86,100,6.69,NO,1708136097
138,isla mujeres,21.2311,-86.731,26.03,83,58,4.11,MX,1708135806
139,nova xavantina,-14.6667,-52.35,24.44,88,95,1.1,BR,1708136009
140,sorong,-0.8833,131.25,28.12,74,4,3.21,ID,1708136097
141,naze,28.3667,129.4833,15.57,59,78,2.5,JP,1708136097
142,midvagur,62.0511,-7.1939,2.46,87,75,6.69,FO,1708136097
143,la passe,45.5549,-0.8967,10.13,84,9,1.36,FR,1708136097
144,hawaiian paradise park,19.5933,-154.9731,21.05,96,100,6.17,US,1708136097
145,kolyshley,52.7005,44.5367,-15.02,92,100,3.55,RU,1708136097
146,fort st. john,56.2499,-120.8529,-1.08,54,11,1.76,CA,1708135931
147,hadibu,12.65,54.0333,24.23,71,73,3.03,YE,1708136098
148,siwa oasis,29.2041,25.5195,12.26,60,15,1.54,EG,1708136098
149,uliastay,47.7417,96.8444,-25.35,88,62,2.2,MN,1708136098
150,port mathurin,-19.6833,63.4167,26.56,82,100,13.67,MU,1708135929
151,chibougamau,49.9168,-74.3659,-16.21,72,100,3.6,CA,1708136098
152,bom jesus,-9.0744,-44.3586,23.19,91,51,0.71,BR,1708136098
153,necochea,-38.5473,-58.7368,19.2,74,0,6.7,AR,1708136098
154,pudozh,61.8099,36.5345,-8.92,94,100,3.13,RU,1708136098
155,kindu,-2.95,25.95,21.31,99,100,0.31,CD,1708136098
156,bethel,41.3712,-73.414,0.36,61,0,0.0,US,1708135824
157,kapa'a,22.0752,-159.319,23.99,62,40,7.72,US,1708136098
158,ibotirama,-12.1853,-43.2206,24.35,73,99,1.63,BR,1708136098
159,filiatra,37.15,21.5833,10.39,62,6,0.91,GR,1708136098
160,turaif,31.6725,38.6637,5.14,100,0,2.06,SA,1708136098
161,olonkinbyen,70.9221,-8.7187,-8.12,69,5,4.09,SJ,1708136098
162,mirny,62.5353,113.9611,-32.11,94,100,3.31,RU,1708136099
163,lutjenburg,54.2919,10.5895,6.6,89,100,4.02,DE,1708136099
164,high rock,26.6208,-78.2833,20.01,75,97,3.49,BS,1708136099
165,west island,-12.1568,96.8225,28.99,79,40,4.63,CC,1708136099
166,tobelo,1.7284,128.0095,27.89,70,7,2.74,ID,1708136099
167,nuuk,64.1835,-51.7216,-3.66,80,75,9.77,GL,1708136099
168,kodiak,57.79,-152.4072,3.73,93,100,10.29,US,1708136099
169,haiku-pauwela,20.9219,-156.3051,22.01,77,75,5.14,US,1708136099
170,punta arenas,-53.15,-70.9167,14.06,82,75,5.66,CL,1708136099
171,masterton,-40.9597,175.6575,24.5,44,80,3.21,NZ,1708136099
172,qaqortoq,60.7167,-46.0333,0.86,66,100,5.08,GL,1708136100
173,saint-francois,46.4154,3.9054,9.12,94,100,4.12,FR,1708135921
174,ambovombe,-25.1667,46.0833,23.45,91,0,3.97,MG,1708136100
175,bolekhiv,49.0661,23.8643,2.75,68,59,2.34,UA,1708136100
176,okhotsk,59.3833,143.3,-27.08,74,0,4.66,RU,1708136100
177,al kharijah,25.4514,30.5464,11.52,50,2,2.77,EG,1708136100
178,georgetown,5.4112,100.3354,29.96,58,20,3.09,MY,1708135983
179,mariehamn,60.0973,19.9348,-0.08,100,100,5.14,AX,1708136100
180,sao sepe,-30.1606,-53.5653,19.34,91,100,3.36,BR,1708136100
181,ubatuba,-23.4339,-45.0711,23.24,88,15,1.68,BR,1708135864
182,san julian,21.0167,-102.1667,10.28,87,100,1.72,MX,1708136100
183,sola,-13.8833,167.55,28.23,81,100,1.66,VU,1708136100
184,badiyah,22.45,58.8,19.42,57,27,0.85,OM,1708136076
185,mossel bay,-34.1831,22.146,15.9,74,69,5.81,ZA,1708136106
186,bemidji,47.4736,-94.8803,-11.64,77,100,4.63,US,1708136106
187,buka,40.8108,69.1986,-4.12,88,100,2.19,UZ,1708136106
188,griffith,41.5284,-87.4237,-0.53,70,100,5.66,US,1708136073
189,i-n-salah,27.1935,2.4607,20.83,14,98,3.39,DZ,1708136106
190,suruc,36.9761,38.425,7.05,92,18,1.38,TR,1708136106
191,coyhaique,-45.5752,-72.0662,13.97,54,75,4.63,CL,1708136106
192,hamilton,39.1834,-84.5333,-1.12,91,100,8.23,US,1708135996
193,vila franca do campo,37.7167,-25.4333,18.27,99,92,6.45,PT,1708136106
194,lihue,21.9789,-159.3672,23.58,61,40,7.72,US,1708136107
195,akureyri,65.6835,-18.0878,-13.04,85,0,1.54,IS,1708136107
196,pechora,65.1472,57.2244,-24.52,95,7,3.13,RU,1708136107
197,sarbogard,46.8869,18.6204,5.44,66,14,1.99,HU,1708136110
198,luderitz,-26.6481,15.1594,14.91,77,0,6.28,NA,1708136110
199,crane,31.3974,-102.3501,11.1,45,100,9.87,US,1708136110
200,avarua,-21.2078,-159.775,26.13,76,100,7.8,CK,1708136110
201,ilulissat,69.2167,-51.1,-15.99,85,75,4.12,GL,1708136110
202,puerto madero,14.7208,-92.4215,26.11,100,0,0.0,MX,1708136111
203,coahuayana de hidalgo,18.7,-103.6583,20.71,89,100,2.74,MX,1708136111
204,anna regina,7.2644,-58.5077,26.13,77,72,4.08,GY,1708136111
205,bikenibeu village,1.3673,173.1241,29.98,84,40,4.12,KI,1708136111
206,morant bay,17.8815,-76.4093,26.79,83,18,4.12,JM,1708136111
207,prince george,53.9166,-122.753,-4.66,76,0,3.6,CA,1708136111
208,klyuchi,52.2667,79.1667,-24.47,96,99,4.36,RU,1708136081
209,wanning,18.8003,110.3967,22.95,69,82,2.35,CN,1708136111
210,vilyuchinsk,52.9306,158.4028,-8.19,61,93,4.6,RU,1708136111
211,lauro de freitas,-12.8944,-38.3272,28.01,89,75,3.09,BR,1708135982
212,tsiombe,-25.3,45.4833,23.96,90,3,4.37,MG,1708136112
213,balakhta,55.38,91.6,-24.21,96,100,3.9,RU,1708136112
214,stanley,54.868,-1.6985,7.62,94,75,1.03,GB,1708136112
215,tucuma,-0.1833,-50.05,24.86,93,59,2.3,BR,1708136112
216,labrador city,52.9463,-66.9114,-23.79,80,75,2.06,CA,1708136112
217,la sarre,48.8002,-79.1996,-16.41,95,100,2.68,CA,1708136112
218,richards bay,-28.783,32.0377,22.16,88,100,3.92,ZA,1708136113
219,mata-utu,-13.2816,-176.1745,28.98,81,100,7.95,WF,1708136113
220,castillos,-34.1667,-53.8333,19.86,89,77,2.81,UY,1708136113
221,san patricio,28.017,-97.5169,17.4,94,100,1.27,US,1708136024
222,pisco,-13.7,-76.2167,24.03,78,40,6.17,PE,1708136113
223,"laikit, laikit ii (dimembe)",1.4792,124.9735,27.47,70,40,3.6,ID,1708136113
224,shakawe,-18.3667,21.85,23.28,55,85,2.06,BW,1708136113
225,yorkton,51.2167,-102.4677,-11.09,79,20,5.14,CA,1708136113
226,valparaiso,-33.0393,-71.6273,16.8,77,0,2.57,CL,1708136114
227,namibe,-15.1961,12.1522,23.82,86,100,3.0,AO,1708135940
228,hasaki,35.7333,140.8333,12.94,63,97,5.67,JP,1708136114
229,douma,33.5718,36.4027,6.69,84,33,4.48,SY,1708136114
230,praia da vitoria,38.7333,-27.0667,18.14,82,20,8.16,PT,1708136114
231,guerrero negro,27.9769,-114.0611,16.31,77,6,6.52,MX,1708136114
232,itambe,-15.245,-40.6244,21.91,97,100,1.11,BR,1708136114
233,westport,41.1415,-73.3579,2.08,56,0,2.57,US,1708136114
234,tamanrasset,22.785,5.5228,9.95,17,0,1.54,DZ,1708136114
235,ceeldheer,3.8488,47.1806,25.06,82,6,6.99,SO,1708136114
236,grambling,32.5276,-92.714,16.96,88,20,2.06,US,1708136115
237,remire-montjoly,4.9167,-52.2667,27.02,78,75,4.63,GF,1708136115
238,ta`u,-14.2336,-169.5144,27.89,80,100,3.57,AS,1708135856
239,laguna,38.421,-121.4238,14.11,78,0,2.57,US,1708136115
240,kamyzyak,46.11,48.0736,-6.01,68,75,10.0,RU,1708136115
241,sinabang,2.4803,96.3801,27.38,81,100,1.2,ID,1708136115
242,severo-yeniseyskiy,60.3725,93.0408,-29.68,99,100,0.89,RU,1708136121
243,palmer,42.1584,-72.3287,-0.35,50,75,2.57,US,1708136121
244,yanam,16.7333,82.2167,21.5,81,0,1.24,IN,1708136121
245,muromtsevo,56.3724,75.2418,-23.41,97,99,4.07,RU,1708136121
246,revda,56.801,59.9303,-23.35,91,95,1.98,RU,1708136121
247,kristinestad,62.2743,21.376,0.61,98,100,4.69,FI,1708136121
248,keflavik,64.0049,-22.5624,4.24,81,75,12.35,IS,1708136090
249,camana,-16.6228,-72.7111,23.43,87,100,3.05,PE,1708136121
250,al artawiyah,26.5053,45.3444,14.73,44,0,4.28,SA,1708136121
251,edson,53.5835,-116.4356,-2.92,42,0,3.09,CA,1708136121
252,omaruru,-21.4333,15.9333,18.37,38,7,1.17,NA,1708136122
253,djougou,9.7085,1.666,23.66,12,100,1.72,BJ,1708136122
254,surami,42.0243,43.5556,5.09,94,97,1.36,GE,1708136122
255,suva,-18.1416,178.4415,29.71,79,75,5.66,FJ,1708136122
256,kodinsk,58.6881,99.1844,-25.85,96,100,1.19,RU,1708136122
257,nar'yan-mar,67.6713,53.087,-21.61,88,14,4.02,RU,1708136122
258,minas de marcona,-15.2119,-75.1103,19.07,83,97,5.25,PE,1708136122
259,es castell,39.8795,4.2854,13.38,94,75,10.8,ES,1708136122
260,tozeur,33.9197,8.1335,16.22,33,40,1.54,TN,1708136123
261,igrim,63.1906,64.4162,-32.0,100,13,1.07,RU,1708136123
262,sitka,57.0531,-135.33,10.94,28,0,6.69,US,1708136123
263,novaya igirma,57.1334,103.9112,-26.7,93,100,2.16,RU,1708136123
264,vilyuysk,63.7553,121.6247,-35.56,96,94,2.68,RU,1708136123
265,reggane,26.7158,0.1714,21.45,22,0,2.79,DZ,1708136123
266,kizhake chalakudi,10.3,76.35,23.98,83,100,2.57,IN,1708136123
267,antofagasta,-23.65,-70.4,20.6,81,67,3.02,CL,1708136123
268,egilsstadir,65.2653,-14.3948,-10.05,92,0,1.03,IS,1708136123
269,gelemso,8.8167,40.5167,18.55,50,40,1.03,ET,1708136124
270,hotan,37.0997,79.9269,9.4,25,100,4.43,CN,1708136124
271,garhwa,24.1833,83.8167,16.51,51,0,1.59,IN,1708136124
272,uporovo,56.3109,66.2693,-27.8,100,96,1.91,RU,1708136124
273,mirnyy,62.5353,113.9611,-32.11,94,100,3.31,RU,1708136099
274,riviere-du-loup,47.8304,-69.5342,-7.74,78,100,5.17,CA,1708135855
275,darnah,32.767,22.6367,13.92,71,52,6.04,LY,1708136124
276,yangambi,0.8102,24.4336,21.3,98,97,0.81,CD,1708136124
277,burao,9.5221,45.5336,19.32,83,0,2.08,SO,1708136124
278,brookings,44.3114,-96.7984,-16.08,83,0,3.09,US,1708135912
279,teknaf,20.8624,92.3058,21.53,55,0,3.15,BD,1708136124
280,bayanhongor,46.7167,100.1167,-18.92,93,100,0.28,MN,1708136124
281,port douglas,-16.4833,145.4667,28.67,80,93,2.81,AU,1708136055
282,utrik,11.2278,169.8474,25.97,82,56,11.02,MH,1708136125
283,puerto baquerizo moreno,-0.9,-89.6,26.94,83,14,3.34,EC,1708136125
284,nova sintra,14.8667,-24.7167,20.85,79,3,10.55,CV,1708136084
285,gamboru,12.3707,14.2173,20.43,36,78,5.31,NG,1708136125
286,mount pearl,47.5166,-52.7813,-2.25,96,100,4.63,CA,1708136125
287,longyearbyen,78.2186,15.6401,-10.09,73,40,3.6,SJ,1708136125
288,graaff-reinet,-32.2522,24.5308,11.62,64,3,0.69,ZA,1708136125
289,neiafu,-18.65,-173.9833,27.5,70,72,7.48,TO,1708136125
290,maralal,1.0968,36.698,16.84,64,71,1.74,KE,1708136125
291,puerto san jose,13.9256,-90.8244,26.2,72,5,3.86,GT,1708136125
292,staryye ozinki,51.1786,49.6769,-13.52,82,100,6.12,RU,1708136126
293,cabedelo,-6.9811,-34.8339,25.37,81,94,3.05,BR,1708136071
294,port moresby,-9.4431,147.1797,30.68,70,75,5.14,PG,1708136126
295,dryden,49.7833,-92.7503,-18.84,71,20,3.09,CA,1708136126
296,am timan,11.0297,20.2827,22.64,22,93,3.06,TD,1708136126
297,stepnogorsk,52.3544,71.8869,-25.6,95,11,4.27,KZ,1708136126
298,kristiansund,63.1115,7.732,3.36,60,100,3.6,NO,1708136126
299,monaghan,54.25,-6.9667,9.1,97,92,2.68,IE,1708136126
300,lewiston orchards,46.3804,-116.9754,1.17,78,38,0.85,US,1708136126
301,fedorovka,53.6314,62.7078,-26.5,97,41,1.2,KZ,1708136126
302,igarka,67.4667,86.5833,-38.0,100,33,0.54,RU,1708136126
303,razole,16.4833,81.8333,20.21,86,1,1.32,IN,1708136127
304,linxia chengguanzhen,35.6003,103.2064,7.87,19,97,0.23,CN,1708136127
305,island harbour,50.724,-1.2758,10.82,94,40,0.45,GB,1708136081
306,kismayo,-0.3582,42.5454,26.5,89,77,6.01,SO,1708136127
307,anshun,26.25,105.9333,10.86,88,98,5.64,CN,1708136127
308,kuqa,41.7278,82.9364,0.94,12,80,14.13,CN,1708136127
309,hithadhoo,-0.6,73.0833,28.26,77,98,3.72,MV,1708136082
310,el calafate,-50.3408,-72.2768,14.87,68,100,6.04,AR,1708136127
311,todos santos,23.45,-110.2167,20.17,73,3,3.64,MX,1708136127
312,puerto deseado,-47.7503,-65.8938,16.58,84,100,7.86,AR,1708136127
313,christchurch,-43.5333,172.6333,24.07,66,75,5.66,NZ,1708136011
314,mount isa,-20.7333,139.5,26.87,89,75,5.66,AU,1708136127
315,gaoyou,32.7858,119.4278,9.06,72,2,5.66,CN,1708136128
316,fasa,28.9383,53.6482,12.58,88,100,3.09,IR,1708136128
317,badger,64.8,-147.5333,-4.86,60,20,2.57,US,1708136128
318,tolanaro,-25.0319,46.9987,23.7,92,77,3.01,MG,1708136128
319,polyarnyy,69.1989,33.4478,-7.71,90,100,6.95,RU,1708136098
320,tete,-16.1564,33.5867,28.05,65,20,2.57,MZ,1708136128
321,lebu,-37.6167,-73.65,15.36,92,73,7.55,CL,1708136128
322,campo verde,-20.4167,-54.0667,25.46,70,97,1.85,BR,1708135851
323,videira,-27.0083,-51.1517,18.09,99,98,1.39,BR,1708136128
324,saint-philippe,-21.3585,55.7679,25.77,88,99,7.88,RE,1708136128
325,beidaihehaibin,39.8222,119.5181,3.25,72,77,4.28,CN,1708136128
326,newport,51.5877,-2.9984,10.81,95,97,2.36,GB,1708136072
327,ringas,27.35,75.5667,11.62,35,0,0.28,IN,1708136128
328,asosa,10.0667,34.5333,18.44,23,59,2.86,ET,1708136129
329,kuala tungkal,-0.8167,103.4667,24.43,96,100,2.46,ID,1708136129
330,nemuro,43.3236,145.575,-4.41,77,34,1.34,JP,1708136060
331,quang ngai,15.1167,108.8,23.64,74,0,1.01,VN,1708136129
332,chemolgan,43.1897,76.5292,-23.19,76,5,2.32,KZ,1708136129
333,ma'rib,15.4591,45.3253,21.64,49,84,0.52,YE,1708136129
334,santiago de cao,-7.9589,-79.2392,24.07,83,20,4.63,PE,1708136129
335,inarajan village,13.2736,144.7484,31.54,82,11,4.92,GU,1708136129
336,meadow lakes,61.6247,-149.6011,2.57,52,0,0.0,US,1708136129
337,buncrana,55.1333,-7.45,8.03,96,64,2.89,IE,1708136129
338,pontian kechil,1.4866,103.3896,29.54,84,58,3.45,MY,1708136129
339,morondava,-20.2833,44.2833,26.11,85,55,0.92,MG,1708136130
340,gunjur,13.2019,-16.7339,22.04,83,0,1.03,GM,1708136130
341,llorente,11.4119,125.5458,27.82,64,95,4.09,PH,1708136130
342,kokopo,-4.352,152.2633,28.28,80,96,2.73,PG,1708136130
343,vila velha,-20.3297,-40.2925,24.41,94,40,1.34,BR,1708136130
344,gahanna,40.0192,-82.8793,-1.64,94,100,5.14,US,1708136130
345,selfoss,63.9331,-20.9971,2.69,86,100,4.35,IS,1708135872
346,ivdel',60.6911,60.4206,-27.12,98,11,1.79,RU,1708136130
347,veraval,20.9,70.3667,23.43,41,12,4.25,IN,1708136130
348,urengoy,65.9667,78.3667,-33.56,94,12,2.59,RU,1708136130
349,gereida,11.2811,25.1414,18.47,23,66,6.28,SD,1708136131
350,barra,-11.0894,-43.1417,25.01,77,94,3.26,BR,1708136131
351,lunen,51.6167,7.5167,10.75,90,100,3.6,DE,1708136131
352,clevelandia,-26.3958,-52.4708,16.64,98,12,1.95,BR,1708136131
353,val-d'or,48.1002,-77.7828,-14.95,85,100,3.09,CA,1708136131
354,tot'ma,59.9747,42.7642,-17.19,96,100,3.47,RU,1708136131
355,la romana,18.4273,-68.9728,23.2,88,20,0.0,DO,1708136103
356,agdas,40.65,47.4761,3.61,93,100,2.32,AZ,1708136131
357,solnechnyy,50.7214,136.6319,-16.65,84,100,3.15,RU,1708136131
358,freetown,8.484,-13.2299,25.8,85,23,2.88,SL,1708135990
359,san antonio de pale,-1.4014,5.6325,28.39,73,36,1.36,GQ,1708136131
360,yarrawonga,-36.0167,146.0,32.5,23,99,3.47,AU,1708136132
361,coquimbo,-29.9533,-71.3436,18.86,84,11,2.34,CL,1708136061
362,lensk,60.7253,114.9278,-30.28,92,100,1.74,RU,1708136132
363,lefkada,38.8275,20.7019,7.95,87,0,3.6,GR,1708136132
364,chipinge,-20.1883,32.6236,18.01,64,0,1.76,ZW,1708136132
365,al fulah,11.7329,28.3579,20.52,19,100,7.78,SD,1708136132
366,kingston,17.997,-76.7936,26.53,86,20,1.03,JM,1708136132
367,twon-brass,4.3151,6.2418,28.61,80,99,4.0,NG,1708136132
368,alaghsas,17.0187,8.0168,17.18,15,49,5.97,NE,1708136132
369,sault ste. marie,46.5168,-84.3333,-9.84,85,100,2.06,CA,1708136100
370,callao,-12.0667,-77.15,26.51,73,75,7.2,PE,1708135962
371,wad az zaki,14.4619,32.2065,18.59,22,20,6.56,SD,1708136133
372,laascaanood,8.4774,47.3597,18.9,87,4,3.12,SO,1708136133
373,saacow,1.6279,42.4407,26.44,76,40,5.41,SO,1708136133
374,hun,29.1268,15.9477,12.73,41,63,3.83,LY,1708136133
375,daru,-9.0763,143.2092,27.25,84,100,5.6,PG,1708136133
376,alice springs,-23.7,133.8833,35.12,33,10,9.77,AU,1708135920
377,saurimo,-9.6608,20.3916,17.66,96,77,0.96,AO,1708136133
378,malango,-2.9627,119.9001,24.73,87,100,1.09,ID,1708136133
379,novyy urengoy,66.0833,76.6333,-27.17,100,93,2.99,RU,1708136133
380,bairnsdale,-37.8333,147.6167,22.81,75,95,0.45,AU,1708136133
381,voronovytsya,49.1095,28.6808,1.92,93,45,2.67,UA,1708135867
382,new plymouth,-39.0667,174.0833,20.73,74,98,3.63,NZ,1708136133
383,amora,38.6296,-9.1156,16.93,89,20,1.03,PT,1708136133
384,colonia,50.9333,6.95,10.53,83,100,2.57,DE,1708136134
385,montagu,-40.7667,144.9667,21.46,52,84,4.97,AU,1708136134
386,dakhla,23.6848,-15.958,18.62,86,0,9.96,EH,1708136134
387,ubari,26.5921,12.7805,12.62,30,0,3.85,LY,1708136134
388,mhamid,29.82,-5.72,19.36,26,91,5.5,MA,1708136134
389,mil'kovo,55.6078,37.7956,-7.73,97,100,2.97,RU,1708135843
390,kazincbarcika,48.25,20.6333,4.17,83,3,0.75,HU,1708136134
391,xining,36.6167,101.7667,4.46,22,54,1.08,CN,1708136134
392,ketchikan,55.3422,-131.6461,11.26,20,0,2.57,US,1708136134
393,afaahiti,-17.75,-149.2833,29.93,78,98,8.41,PF,1708136026
394,gulf shores,30.246,-87.7008,16.7,83,20,2.06,US,1708136135
395,taulaga,-11.0553,-171.0883,28.53,80,89,8.53,AS,1708136135
396,sao miguel do araguaia,-13.275,-50.1628,22.74,88,100,1.07,BR,1708136017
397,rethel,49.5,4.3333,3.93,82,100,3.22,FR,1708136135
398,rosarito,32.3333,-117.0333,15.78,82,30,3.24,MX,1708136135
399,tuy hoa,13.0833,109.3,23.88,77,95,1.53,VN,1708136135
400,saint-pierre,-21.3393,55.4781,25.82,89,75,6.17,RE,1708136135
401,petawawa,45.9001,-77.3328,-10.23,86,100,1.37,CA,1708136135
402,viedma,-40.8135,-62.9967,22.87,70,0,7.88,AR,1708136101
403,chonchi,-42.6128,-73.8092,10.62,97,2,1.21,CL,1708136115
404,naivasha,-0.7167,36.4359,13.9,88,36,1.77,KE,1708136135
405,manadhoo,5.7667,73.3833,28.12,75,100,4.26,MV,1708136135
406,berdigestyakh,62.0989,126.6992,-32.45,90,100,3.64,RU,1708136136
407,duong dong,10.2167,103.9667,29.0,70,40,7.2,VN,1708136136
408,mlimba,-8.8,35.8167,22.88,92,84,1.19,TZ,1708136136
409,beloyarskiy,63.7119,66.6722,-35.0,100,30,0.89,RU,1708136136
410,velikiye luki,56.34,30.5452,0.77,86,100,6.63,RU,1708136136
411,sao luiz gonzaga,-28.4083,-54.9608,20.63,94,89,2.74,BR,1708136136
412,port augusta,-32.5,137.7667,33.25,13,21,4.37,AU,1708135848
413,el bolson,-41.9667,-71.5167,14.91,84,32,2.94,AR,1708136136
414,itupiranga,-5.1347,-49.3267,25.18,96,96,1.04,BR,1708135936
415,san andres,12.5847,-81.7006,28.01,83,40,6.69,CO,1708136136
416,west bay,19.3667,-81.4167,26.04,87,20,3.09,KY,1708135996
417,cobh,51.8572,-8.2992,10.58,93,100,3.09,IE,1708136136
418,lagoa,39.05,-27.9833,16.89,85,100,7.47,PT,1708136137
419,smithers,54.7804,-127.1743,-3.81,90,1,1.0,CA,1708135999
420,songea,-10.6833,35.65,18.52,98,100,1.37,TZ,1708136137
421,khovd,48.0056,91.6419,-18.19,52,100,3.97,MN,1708136137
422,alexandria,31.2156,29.9553,14.49,76,14,6.85,EG,1708136028
423,prineville,44.2999,-120.8345,-1.94,93,100,2.57,US,1708136137
424,flin flon,54.7682,-101.865,-7.76,90,100,4.37,CA,1708136137
425,mejit,10.2753,170.8646,26.29,82,100,10.72,MH,1708136084
426,lycksele,64.5954,18.6735,-6.07,93,100,5.14,SE,1708136137
427,gallipoli,40.4103,26.6708,6.92,84,100,5.71,TR,1708136137
428,susuman,62.7833,148.1667,-37.23,93,78,0.89,RU,1708136081
429,kyshtovka,56.555,76.6271,-20.92,95,100,4.02,RU,1708136137
430,naha,26.2125,127.6811,21.1,64,75,3.6,JP,1708136138
431,buraydah,26.326,43.975,11.25,37,0,3.3,SA,1708136138
432,suoyarvi,62.0833,32.35,-5.56,95,100,5.71,RU,1708136138
433,pangoa,-12.1167,-73.0,21.73,99,100,0.58,PE,1708136138
434,arboletes,8.8505,-76.4269,27.5,87,94,5.23,CO,1708136138
435,kununurra,-15.7667,128.7333,33.99,59,19,1.54,AU,1708135891
436,beledweyne,4.7358,45.2036,24.29,70,5,6.54,SO,1708136138
437,martapura,-3.4167,114.85,29.05,79,40,3.6,ID,1708136138
438,deder,9.3167,41.45,16.37,58,85,0.55,ET,1708136138
439,al marj,32.488,20.8317,8.12,87,24,1.48,LY,1708136138
440,dohad,22.8333,74.2667,19.54,43,5,3.26,IN,1708136138
441,segarcea,44.1,23.75,3.71,87,0,2.92,RO,1708136139
442,aykhal,66.0,111.5,-39.45,100,95,3.27,RU,1708136139
443,along,28.1667,94.7667,15.86,63,6,0.29,IN,1708136139
444,gewane,10.1664,40.6453,26.36,52,96,3.98,ET,1708136139
445,mount gambier,-37.8333,140.7667,25.56,39,54,3.31,AU,1708136139
446,peterborough,52.5736,-0.2478,9.95,81,100,4.12,GB,1708136139
447,kovdor,67.5662,30.4758,-10.03,97,100,2.12,RU,1708136139
448,krasnoshchekovo,51.6708,82.7289,-25.99,86,100,5.55,RU,1708136139
449,cuttack,20.465,85.8793,22.1,65,0,1.24,IN,1708136139
450,yuzhno-kurilsk,44.0306,145.8556,-3.68,67,22,0.91,RU,1708136140
451,claremont,34.0967,-117.7198,17.38,76,0,3.6,US,1708136140
452,sokoni,-6.4333,39.55,28.33,79,100,5.02,TZ,1708136140
453,le port,-20.9373,55.2919,26.98,85,76,2.97,RE,1708136140
454,as sulayyil,20.4607,45.5779,23.14,39,65,2.72,SA,1708136038
455,yatou,37.15,122.3833,6.05,66,1,8.75,CN,1708136140
456,rawson,-43.3002,-65.1023,25.25,47,15,15.22,AR,1708136140
457,sonoita,31.85,-112.8333,18.48,34,49,3.36,MX,1708136140
458,happy valley-goose bay,53.3168,-60.3315,-9.83,85,100,2.57,CA,1708136140
459,glasgow,55.8652,-4.2576,8.44,90,100,3.6,GB,1708136140
460,kerikeri,-35.2268,173.9474,23.47,56,59,3.34,NZ,1708136140
461,seguela,7.9611,-6.6731,25.55,35,21,1.56,CI,1708136140
462,huangpi,30.8845,114.3779,12.06,76,53,4.0,CN,1708136140
463,imeni morozova,59.9757,31.0376,2.02,97,100,7.0,RU,1708136141
464,batouri,4.4333,14.3667,21.8,31,95,1.19,CM,1708136141
465,ishigaki,24.3448,124.1572,23.07,68,75,5.66,JP,1708136141
466,huilong,31.8111,121.655,9.11,75,5,7.88,CN,1708136141
467,choibalsan,48.0667,114.5,-12.75,94,100,3.24,MN,1708136141
468,lerwick,60.1545,-1.1494,4.0,71,41,2.81,GB,1708136141
469,cancun,21.1743,-86.8466,25.96,83,20,4.12,MX,1708136079
470,axim,4.8699,-2.2405,27.13,90,100,2.48,GH,1708136141
471,ji'an,27.1172,114.9793,15.05,77,0,2.34,CN,1708136141
472,salalah,17.0151,54.0924,24.05,78,75,2.06,OM,1708136141
473,mahdia,35.5047,11.0622,15.97,80,100,6.48,TN,1708136141
474,svetogorsk,61.1121,28.8632,1.88,94,100,0.89,RU,1708136141
475,lilongwe,-13.9669,33.7873,21.11,100,40,0.0,MW,1708136141
476,patterson,37.4716,-121.1297,14.43,83,100,1.58,US,1708136142
477,olyokminsk,60.3736,120.4264,-29.0,93,100,3.45,RU,1708136142
478,istgah-e rah ahan-e garmsar,35.2346,52.3094,10.65,88,13,1.48,IR,1708136142
479,champerico,14.3,-91.9167,26.68,73,6,3.69,GT,1708136142
480,gorgoram,12.6398,10.7039,18.86,18,92,4.8,NG,1708136142
481,ulladulla,-35.35,150.4667,26.44,67,18,3.91,AU,1708136142
482,flying fish cove,-10.4217,105.6791,28.82,78,100,3.09,CX,1708136142
483,kedainiai,55.2883,23.9747,3.41,75,99,8.22,LT,1708136142
484,brisas de zicatela,15.8369,-97.0419,26.2,77,5,2.85,MX,1708136142
485,tabuk,17.4189,121.4443,25.71,69,56,2.88,PH,1708136142
486,podporozh'ye,60.9112,34.1706,-4.89,94,100,6.02,RU,1708136142
487,divnoye,45.9089,43.3547,-2.01,90,100,7.88,RU,1708136142
488,tremonton,41.7119,-112.1655,1.81,77,40,6.26,US,1708136143
489,rechka-vydrino,51.485,104.8461,-20.57,85,100,4.23,RU,1708136143
490,kuanda,56.3161,116.0806,-20.78,94,100,1.62,RU,1708135908
491,sisa,-6.6167,-76.6915,26.29,94,8,1.57,PE,1708136143
492,queenstown,-31.8976,26.8753,7.7,68,0,0.46,ZA,1708136143
493,howard springs,-12.497,131.047,32.68,78,65,4.64,AU,1708136035
494,codajas,-3.8367,-62.0569,24.41,97,94,1.37,BR,1708136143
495,peace river,56.2501,-117.286,-6.24,82,15,2.65,CA,1708135946
496,gaigeturi,33.4644,126.3183,12.03,58,0,2.57,KR,1708136143
497,songadh,21.1667,73.5667,23.55,40,37,1.2,IN,1708136143
498,manzanillo,20.3433,-77.1167,25.3,76,79,1.17,CU,1708136143
499,klaksvik,62.2266,-6.589,2.51,67,100,6.12,FO,1708136143
500,mugia,43.1041,-9.2179,10.09,88,61,3.27,ES,1708136126
501,greymouth,-42.4667,171.2,18.66,68,67,3.45,NZ,1708136143
502,kletnya,53.3897,33.2171,-1.73,97,100,2.68,RU,1708136144
503,bubaque,11.2833,-15.8333,26.06,77,67,4.27,GW,1708136144
504,kavieng,-2.5744,150.7967,29.01,75,100,2.95,PG,1708136144
505,peniche,39.3558,-9.3811,15.06,91,40,0.77,PT,1708136144
506,mitchell,43.7094,-98.0298,-11.81,72,0,4.12,US,1708136045
507,mont-dore,-22.2833,166.5833,32.99,67,64,6.79,NC,1708136144
508,blytheville,35.9273,-89.919,2.12,80,100,11.83,US,1708136144
509,wytheville,36.9484,-81.0848,8.4,68,100,5.05,US,1708136144
510,figuig (centre),32.1089,-1.2286,12.03,33,100,4.3,MA,1708136144
511,hammerfest,70.6634,23.6821,-2.75,86,75,2.06,NO,1708136144
512,tenenkou,14.4572,-4.9169,24.62,12,0,4.31,ML,1708136144
513,bontang,0.1333,117.5,28.31,73,19,5.98,ID,1708136144
514,rancho palos verdes,33.7445,-118.387,16.51,88,40,4.63,US,1708135875
515,businga,3.3333,20.8833,24.51,28,98,1.39,CD,1708136145
516,kachug,53.9606,105.8817,-23.86,97,100,1.34,RU,1708136145
517,kerema,-7.9631,145.7785,29.79,73,34,4.46,PG,1708136145
518,port saint john's,-31.6229,29.5448,18.05,84,2,2.56,ZA,1708136145
519,al jawf,29.5,38.75,9.15,59,7,2.0,SA,1708136145
520,mar del plata,-38.0023,-57.5575,22.27,94,40,8.94,AR,1708136090
521,santa ines,-3.6667,-45.38,24.19,97,100,1.38,BR,1708136145
522,jinka,5.65,36.65,21.6,54,64,0.73,ET,1708136145
523,tosontsengel,48.7567,98.2839,-23.89,86,100,3.11,MN,1708136145
524,manaure,11.7751,-72.4445,26.86,73,72,5.4,CO,1708136145
525,katabu,-4.9333,122.5167,28.18,81,31,1.75,ID,1708136145
526,suomussalmi,64.8869,28.9078,-4.8,95,100,4.8,FI,1708136145
527,pasuquin,18.3328,120.6177,27.97,74,20,2.57,PH,1708136145
528,chegdomyn,51.1167,133.0167,-13.57,89,100,0.71,RU,1708136146
529,rio gallegos,-51.6226,-69.2181,12.03,94,40,3.09,AR,1708136146
530,yinchuan,38.4681,106.2731,4.84,43,5,1.42,CN,1708136146
531,namtsy,62.7161,129.6658,-35.87,89,46,2.21,RU,1708136146
532,carnarvon,-24.8667,113.6333,34.07,37,62,7.08,AU,1708136146
533,sailana,23.4667,74.9167,16.7,42,0,3.52,IN,1708136146
534,stuttgart,48.7823,9.177,12.65,93,100,1.54,DE,1708136002
535,nadym,65.5333,72.5167,-30.95,100,6,3.33,RU,1708136146
536,makubetsu,45.3714,141.8211,-1.21,80,75,3.6,JP,1708136146
537,xilin hot,43.9667,116.0333,0.48,75,85,4.11,CN,1708136146
538,maych'ew,12.7875,39.5422,14.17,76,100,1.73,ET,1708136146
539,alofi,-19.0595,-169.9187,29.94,66,81,7.72,NU,1708136146
540,bardai,11.65,7.2333,17.68,27,100,4.64,NG,1708136147
